server,base,quote,rate,updated_ts
Standard,Arcanist's Etcher,Arcanist's Etcher,1,1756639487
Standard,Arcanist's Etcher,Armourer's Scrap,3,1756639487
Standard,Arcanist's Etcher,Artificer's Orb,6,1756639487
Standard,Arcanist's Etcher,Blacksmith's Whetstone,3,1756639487
Standard,Arcanist's Etcher,Chaos Orb,0.5,1756639487
Standard,Arcanist's Etcher,Divine Orb,0.0232558139535,1756639487
Standard,Arcanist's Etcher,Divine Orb(20+1 Free),857,1756639487
Standard,Arcanist's Etcher,Exalted Orb,9,1756639487
Standard,Arcanist's Etcher,Exalted Orb(1000+100 Free),107,1756639487
Standard,Arcanist's Etcher,Gemcutter's Prism,3,1756639487
Standard,Arcanist's Etcher,Glassblower's Bauble,2,1756639487
Standard,Arcanist's Etcher,Greater Jeweller's Orb,1.25,1756639487
Standard,Arcanist's Etcher,Lesser Jeweller's Orb,5,1756639487
Standard,Arcanist's Etcher,Mirror of Kalandra,89286,1756639487
Standard,Arcanist's Etcher,Orb of Alchemy,7,1756639487
Standard,Arcanist's Etcher,Orb of Annulment,0.1,1756639487
Standard,Arcanist's Etcher,Orb of Augmentation,7,1756639487
Standard,Arcanist's Etcher,Orb of Chance,0.7,1756639487
Standard,Arcanist's Etcher,Orb of Transmutation,14,1756639487
Standard,Arcanist's Etcher,Perfect Jeweller's Orb,0.0909090909091,1756639487
Standard,Arcanist's Etcher,Regal Orb,8,1756639487
Standard,Arcanist's Etcher,Vaal Orb,4,1756639487
Standard,Armourer's Scrap,Arcanist's Etcher,0.333333333333,1756639487
Standard,Armourer's Scrap,Armourer's Scrap,1,1756639487
Standard,Armourer's Scrap,Artificer's Orb,1,1756639487
Standard,Armourer's Scrap,Blacksmith's Whetstone,1,1756639487
Standard,Armourer's Scrap,Chaos Orb,0.125,1756639487
Standard,Armourer's Scrap,Divine Orb,160,1756639487
Standard,Armourer's Scrap,Divine Orb(20+1 Free),3200,1756639487
Standard,Armourer's Scrap,Exalted Orb,2.5,1756639487
Standard,Armourer's Scrap,Exalted Orb(1000+100 Free),400,1756639487
Standard,Armourer's Scrap,Gemcutter's Prism,0.75,1756639487
Standard,Armourer's Scrap,Glassblower's Bauble,0.6,1756639487
Standard,Armourer's Scrap,Greater Jeweller's Orb,0.333333333333,1756639487
Standard,Armourer's Scrap,Lesser Jeweller's Orb,1.33333333333,1756639487
Standard,Armourer's Scrap,Mirror of Kalandra,333330,1756639487
Standard,Armourer's Scrap,Orb of Alchemy,1,1756639487
Standard,Armourer's Scrap,Orb of Annulment,0.027027027027,1756639487
Standard,Armourer's Scrap,Orb of Augmentation,1,1756639487
Standard,Armourer's Scrap,Orb of Chance,0.2,1756639487
Standard,Armourer's Scrap,Orb of Transmutation,3,1756639487
Standard,Armourer's Scrap,Perfect Jeweller's Orb,0.0232558139535,1756639487
Standard,Armourer's Scrap,Regal Orb,2,1756639487
Standard,Armourer's Scrap,Vaal Orb,1.25,1756639487
Standard,Artificer's Orb,Arcanist's Etcher,0.166666666667,1756639487
Standard,Artificer's Orb,Armourer's Scrap,1,1756639487
Standard,Artificer's Orb,Artificer's Orb,1,1756639487
Standard,Artificer's Orb,Blacksmith's Whetstone,0.6,1756639487
Standard,Artificer's Orb,Chaos Orb,0.0833333333333,1756639487
Standard,Artificer's Orb,Divine Orb,240,1756639487
Standard,Artificer's Orb,Divine Orb(20+1 Free),4800,1756639487
Standard,Artificer's Orb,Exalted Orb,1.66666666667,1756639487
Standard,Artificer's Orb,Exalted Orb(1000+100 Free),600,1756639487
Standard,Artificer's Orb,Gemcutter's Prism,0.5,1756639487
Standard,Artificer's Orb,Glassblower's Bauble,0.4,1756639487
Standard,Artificer's Orb,Greater Jeweller's Orb,0.2,1756639487
Standard,Artificer's Orb,Lesser Jeweller's Orb,1,1756639487
Standard,Artificer's Orb,Mirror of Kalandra,500000,1756639487
Standard,Artificer's Orb,Orb of Alchemy,1.25,1756639487
Standard,Artificer's Orb,Orb of Annulment,0.0181818181818,1756639487
Standard,Artificer's Orb,Orb of Augmentation,1.25,1756639487
Standard,Artificer's Orb,Orb of Chance,0.125,1756639487
Standard,Artificer's Orb,Orb of Transmutation,2.5,1756639487
Standard,Artificer's Orb,Perfect Jeweller's Orb,0.0161290322581,1756639487
Standard,Artificer's Orb,Regal Orb,1.42857142857,1756639487
Standard,Artificer's Orb,Vaal Orb,1,1756639487
Standard,Blacksmith's Whetstone,Arcanist's Etcher,0.333333333333,1756639487
Standard,Blacksmith's Whetstone,Armourer's Scrap,1,1756639487
Standard,Blacksmith's Whetstone,Artificer's Orb,1.66666666667,1756639487
Standard,Blacksmith's Whetstone,Blacksmith's Whetstone,1,1756639487
Standard,Blacksmith's Whetstone,Chaos Orb,0.142857142857,1756639487
Standard,Blacksmith's Whetstone,Divine Orb,158,1756639487
Standard,Blacksmith's Whetstone,Divine Orb(20+1 Free),3158,1756639487
Standard,Blacksmith's Whetstone,Exalted Orb,2,1756639487
Standard,Blacksmith's Whetstone,Exalted Orb(1000+100 Free),395,1756639487
Standard,Blacksmith's Whetstone,Gemcutter's Prism,1,1756639487
Standard,Blacksmith's Whetstone,Glassblower's Bauble,1,1756639487
Standard,Blacksmith's Whetstone,Greater Jeweller's Orb,0.333333333333,1756639487
Standard,Blacksmith's Whetstone,Lesser Jeweller's Orb,1.25,1756639487
Standard,Blacksmith's Whetstone,Mirror of Kalandra,328950,1756639487
Standard,Blacksmith's Whetstone,Orb of Alchemy,1,1756639487
Standard,Blacksmith's Whetstone,Orb of Annulment,0.027027027027,1756639487
Standard,Blacksmith's Whetstone,Orb of Augmentation,1,1756639487
Standard,Blacksmith's Whetstone,Orb of Chance,0.2,1756639487
Standard,Blacksmith's Whetstone,Orb of Transmutation,5,1756639487
Standard,Blacksmith's Whetstone,Perfect Jeweller's Orb,0.0243902439024,1756639487
Standard,Blacksmith's Whetstone,Regal Orb,2.5,1756639487
Standard,Blacksmith's Whetstone,Vaal Orb,1,1756639487
Standard,Chaos Orb,Arcanist's Etcher,2,1756639487
Standard,Chaos Orb,Armourer's Scrap,8,1756639487
Standard,Chaos Orb,Artificer's Orb,12,1756639487
Standard,Chaos Orb,Blacksmith's Whetstone,7,1756639487
Standard,Chaos Orb,Chaos Orb,1,1756639487
Standard,Chaos Orb,Divine Orb,0.05,1756639487
Standard,Chaos Orb,Divine Orb(20+1 Free),400,1756639487
Standard,Chaos Orb,Exalted Orb,20,1756639487
Standard,Chaos Orb,Exalted Orb(1000+100 Free),0.02,1756639487
Standard,Chaos Orb,Gemcutter's Prism,5,1756639487
Standard,Chaos Orb,Glassblower's Bauble,5,1756639487
Standard,Chaos Orb,Greater Jeweller's Orb,2.5,1756639487
Standard,Chaos Orb,Lesser Jeweller's Orb,10,1756639487
Standard,Chaos Orb,Mirror of Kalandra,41667,1756639487
Standard,Chaos Orb,Orb of Alchemy,14,1756639487
Standard,Chaos Orb,Orb of Annulment,0.25,1756639487
Standard,Chaos Orb,Orb of Augmentation,14,1756639487
Standard,Chaos Orb,Orb of Chance,1,1756639487
Standard,Chaos Orb,Orb of Transmutation,30,1756639487
Standard,Chaos Orb,Perfect Jeweller's Orb,0.2,1756639487
Standard,Chaos Orb,Regal Orb,17,1756639487
Standard,Chaos Orb,Vaal Orb,10,1756639487
Standard,Divine Orb,Arcanist's Etcher,43,1756639487
Standard,Divine Orb,Armourer's Scrap,0.00625,1756639487
Standard,Divine Orb,Artificer's Orb,0.00416666666667,1756639487
Standard,Divine Orb,Blacksmith's Whetstone,0.00632911392405,1756639487
Standard,Divine Orb,Chaos Orb,20,1756639487
Standard,Divine Orb,Divine Orb,1,1756639487
Standard,Divine Orb,Divine Orb(20+1 Free),0.05,1756639487
Standard,Divine Orb,Exalted Orb,0.0025,1756639487
Standard,Divine Orb,Exalted Orb(1000+100 Free),0.4,1756639487
Standard,Divine Orb,Gemcutter's Prism,0.00833333333333,1756639487
Standard,Divine Orb,Glassblower's Bauble,0.01,1756639487
Standard,Divine Orb,Greater Jeweller's Orb,52,1756639487
Standard,Divine Orb,Lesser Jeweller's Orb,0.00467289719626,1756639487
Standard,Divine Orb,Mirror of Kalandra,2083,1756639487
Standard,Divine Orb,Orb of Alchemy,0.00333333333333,1756639487
Standard,Divine Orb,Orb of Annulment,4,1756639487
Standard,Divine Orb,Orb of Augmentation,0.00333333333333,1756639487
Standard,Divine Orb,Orb of Chance,30,1756639487
Standard,Divine Orb,Orb of Transmutation,0.00166666666667,1756639487
Standard,Divine Orb,Perfect Jeweller's Orb,3,1756639487
Standard,Divine Orb,Regal Orb,0.00291545189504,1756639487
Standard,Divine Orb,Vaal Orb,0.005,1756639487
Standard,Divine Orb(20+1 Free),Arcanist's Etcher,0.00116686114352,1756639487
Standard,Divine Orb(20+1 Free),Armourer's Scrap,0.0003125,1756639487
Standard,Divine Orb(20+1 Free),Artificer's Orb,0.000208333333333,1756639487
Standard,Divine Orb(20+1 Free),Blacksmith's Whetstone,0.000316656111463,1756639487
Standard,Divine Orb(20+1 Free),Chaos Orb,0.0025,1756639487
Standard,Divine Orb(20+1 Free),Divine Orb,20,1756639487
Standard,Divine Orb(20+1 Free),Divine Orb(20+1 Free),1,1756639487
Standard,Divine Orb(20+1 Free),Exalted Orb,0.000125,1756639487
Standard,Divine Orb(20+1 Free),Exalted Orb(1000+100 Free),8,1756639487
Standard,Divine Orb(20+1 Free),Gemcutter's Prism,0.000416666666667,1756639487
Standard,Divine Orb(20+1 Free),Glassblower's Bauble,0.0005,1756639487
Standard,Divine Orb(20+1 Free),Greater Jeweller's Orb,0.000958772770853,1756639487
Standard,Divine Orb(20+1 Free),Lesser Jeweller's Orb,0.000233317778815,1756639487
Standard,Divine Orb(20+1 Free),Mirror of Kalandra,104,1756639487
Standard,Divine Orb(20+1 Free),Orb of Alchemy,0.000166666666667,1756639487
Standard,Divine Orb(20+1 Free),Orb of Annulment,83,1756639487
Standard,Divine Orb(20+1 Free),Orb of Augmentation,0.000166666666667,1756639487
Standard,Divine Orb(20+1 Free),Orb of Chance,0.00166666666667,1756639487
Standard,Divine Orb(20+1 Free),Orb of Transmutation,8.33333333333e-05,1756639487
Standard,Divine Orb(20+1 Free),Perfect Jeweller's Orb,76,1756639487
Standard,Divine Orb(20+1 Free),Regal Orb,0.000145836371591,1756639487
Standard,Divine Orb(20+1 Free),Vaal Orb,0.00025,1756639487
Standard,Exalted Orb,Arcanist's Etcher,0.111111111111,1756639487
Standard,Exalted Orb,Armourer's Scrap,0.4,1756639487
Standard,Exalted Orb,Artificer's Orb,0.6,1756639487
Standard,Exalted Orb,Blacksmith's Whetstone,0.5,1756639487
Standard,Exalted Orb,Chaos Orb,0.05,1756639487
Standard,Exalted Orb,Divine Orb,400,1756639487
Standard,Exalted Orb,Divine Orb(20+1 Free),8000,1756639487
Standard,Exalted Orb,Exalted Orb,1,1756639487
Standard,Exalted Orb,Exalted Orb(1000+100 Free),1000,1756639487
Standard,Exalted Orb,Gemcutter's Prism,0.3,1756639487
Standard,Exalted Orb,Glassblower's Bauble,0.25,1756639487
Standard,Exalted Orb,Greater Jeweller's Orb,0.142857142857,1756639487
Standard,Exalted Orb,Lesser Jeweller's Orb,0.6,1756639487
Standard,Exalted Orb,Mirror of Kalandra,833330,1756639487
Standard,Exalted Orb,Orb of Alchemy,0.75,1756639487
Standard,Exalted Orb,Orb of Annulment,0.0111111111111,1756639487
Standard,Exalted Orb,Orb of Augmentation,0.75,1756639487
Standard,Exalted Orb,Orb of Chance,0.0769230769231,1756639487
Standard,Exalted Orb,Orb of Transmutation,1,1756639487
Standard,Exalted Orb,Perfect Jeweller's Orb,107,1756639487
Standard,Exalted Orb,Regal Orb,0.8,1756639487
Standard,Exalted Orb,Vaal Orb,0.5,1756639487
Standard,Exalted Orb(1000+100 Free),Arcanist's Etcher,0.00934579439252,1756639487
Standard,Exalted Orb(1000+100 Free),Armourer's Scrap,0.0025,1756639487
Standard,Exalted Orb(1000+100 Free),Artificer's Orb,0.00166666666667,1756639487
Standard,Exalted Orb(1000+100 Free),Blacksmith's Whetstone,0.00253164556962,1756639487
Standard,Exalted Orb(1000+100 Free),Chaos Orb,50,1756639487
Standard,Exalted Orb(1000+100 Free),Divine Orb,2.5,1756639487
Standard,Exalted Orb(1000+100 Free),Divine Orb(20+1 Free),0.125,1756639487
Standard,Exalted Orb(1000+100 Free),Exalted Orb,0.001,1756639487
Standard,Exalted Orb(1000+100 Free),Exalted Orb(1000+100 Free),1,1756639487
Standard,Exalted Orb(1000+100 Free),Gemcutter's Prism,0.00333333333333,1756639487
Standard,Exalted Orb(1000+100 Free),Glassblower's Bauble,0.004,1756639487
Standard,Exalted Orb(1000+100 Free),Greater Jeweller's Orb,0.00769230769231,1756639487
Standard,Exalted Orb(1000+100 Free),Lesser Jeweller's Orb,0.00186567164179,1756639487
Standard,Exalted Orb(1000+100 Free),Mirror of Kalandra,833,1756639487
Standard,Exalted Orb(1000+100 Free),Orb of Alchemy,0.00133333333333,1756639487
Standard,Exalted Orb(1000+100 Free),Orb of Annulment,10,1756639487
Standard,Exalted Orb(1000+100 Free),Orb of Augmentation,0.00133333333333,1756639487
Standard,Exalted Orb(1000+100 Free),Orb of Chance,76,1756639487
Standard,Exalted Orb(1000+100 Free),Orb of Transmutation,0.000666666666667,1756639487
Standard,Exalted Orb(1000+100 Free),Perfect Jeweller's Orb,9,1756639487
Standard,Exalted Orb(1000+100 Free),Regal Orb,0.00116686114352,1756639487
Standard,Exalted Orb(1000+100 Free),Vaal Orb,0.002,1756639487
Standard,Gemcutter's Prism,Arcanist's Etcher,0.333333333333,1756639487
Standard,Gemcutter's Prism,Armourer's Scrap,1.33333333333,1756639487
Standard,Gemcutter's Prism,Artificer's Orb,2,1756639487
Standard,Gemcutter's Prism,Blacksmith's Whetstone,1,1756639487
Standard,Gemcutter's Prism,Chaos Orb,0.2,1756639487
Standard,Gemcutter's Prism,Divine Orb,120,1756639487
Standard,Gemcutter's Prism,Divine Orb(20+1 Free),2400,1756639487
Standard,Gemcutter's Prism,Exalted Orb,3.33333333333,1756639487
Standard,Gemcutter's Prism,Exalted Orb(1000+100 Free),300,1756639487
Standard,Gemcutter's Prism,Gemcutter's Prism,1,1756639487
Standard,Gemcutter's Prism,Glassblower's Bauble,1,1756639487
Standard,Gemcutter's Prism,Greater Jeweller's Orb,0.5,1756639487
Standard,Gemcutter's Prism,Lesser Jeweller's Orb,2,1756639487
Standard,Gemcutter's Prism,Mirror of Kalandra,250000,1756639487
Standard,Gemcutter's Prism,Orb of Alchemy,2.5,1756639487
Standard,Gemcutter's Prism,Orb of Annulment,0.037037037037,1756639487
Standard,Gemcutter's Prism,Orb of Augmentation,2.5,1756639487
Standard,Gemcutter's Prism,Orb of Chance,0.25,1756639487
Standard,Gemcutter's Prism,Orb of Transmutation,5,1756639487
Standard,Gemcutter's Prism,Perfect Jeweller's Orb,0.03125,1756639487
Standard,Gemcutter's Prism,Regal Orb,3,1756639487
Standard,Gemcutter's Prism,Vaal Orb,1.66666666667,1756639487
Standard,Glassblower's Bauble,Arcanist's Etcher,0.5,1756639487
Standard,Glassblower's Bauble,Armourer's Scrap,1.66666666667,1756639487
Standard,Glassblower's Bauble,Artificer's Orb,2.5,1756639487
Standard,Glassblower's Bauble,Blacksmith's Whetstone,1,1756639487
Standard,Glassblower's Bauble,Chaos Orb,0.2,1756639487
Standard,Glassblower's Bauble,Divine Orb,100,1756639487
Standard,Glassblower's Bauble,Divine Orb(20+1 Free),2000,1756639487
Standard,Glassblower's Bauble,Exalted Orb,4,1756639487
Standard,Glassblower's Bauble,Exalted Orb(1000+100 Free),250,1756639487
Standard,Glassblower's Bauble,Gemcutter's Prism,1,1756639487
Standard,Glassblower's Bauble,Glassblower's Bauble,1,1756639487
Standard,Glassblower's Bauble,Greater Jeweller's Orb,0.5,1756639487
Standard,Glassblower's Bauble,Lesser Jeweller's Orb,2,1756639487
Standard,Glassblower's Bauble,Mirror of Kalandra,208330,1756639487
Standard,Glassblower's Bauble,Orb of Alchemy,3,1756639487
Standard,Glassblower's Bauble,Orb of Annulment,0.0434782608696,1756639487
Standard,Glassblower's Bauble,Orb of Augmentation,3,1756639487
Standard,Glassblower's Bauble,Orb of Chance,0.3,1756639487
Standard,Glassblower's Bauble,Orb of Transmutation,5,1756639487
Standard,Glassblower's Bauble,Perfect Jeweller's Orb,0.0384615384615,1756639487
Standard,Glassblower's Bauble,Regal Orb,3,1756639487
Standard,Glassblower's Bauble,Vaal Orb,2,1756639487
Standard,Greater Jeweller's Orb,Arcanist's Etcher,0.8,1756639487
Standard,Greater Jeweller's Orb,Armourer's Scrap,3,1756639487
Standard,Greater Jeweller's Orb,Artificer's Orb,5,1756639487
Standard,Greater Jeweller's Orb,Blacksmith's Whetstone,3,1756639487
Standard,Greater Jeweller's Orb,Chaos Orb,0.4,1756639487
Standard,Greater Jeweller's Orb,Divine Orb,0.0192307692308,1756639487
Standard,Greater Jeweller's Orb,Divine Orb(20+1 Free),1043,1756639487
Standard,Greater Jeweller's Orb,Exalted Orb,7,1756639487
Standard,Greater Jeweller's Orb,Exalted Orb(1000+100 Free),130,1756639487
Standard,Greater Jeweller's Orb,Gemcutter's Prism,2,1756639487
Standard,Greater Jeweller's Orb,Glassblower's Bauble,2,1756639487
Standard,Greater Jeweller's Orb,Greater Jeweller's Orb,1,1756639487
Standard,Greater Jeweller's Orb,Lesser Jeweller's Orb,4,1756639487
Standard,Greater Jeweller's Orb,Mirror of Kalandra,108700,1756639487
Standard,Greater Jeweller's Orb,Orb of Alchemy,5,1756639487
Standard,Greater Jeweller's Orb,Orb of Annulment,0.0833333333333,1756639487
Standard,Greater Jeweller's Orb,Orb of Augmentation,5,1756639487
Standard,Greater Jeweller's Orb,Orb of Chance,1,1756639487
Standard,Greater Jeweller's Orb,Orb of Transmutation,11,1756639487
Standard,Greater Jeweller's Orb,Perfect Jeweller's Orb,0.0769230769231,1756639487
Standard,Greater Jeweller's Orb,Regal Orb,7,1756639487
Standard,Greater Jeweller's Orb,Vaal Orb,5,1756639487
Standard,Lesser Jeweller's Orb,Arcanist's Etcher,0.2,1756639487
Standard,Lesser Jeweller's Orb,Armourer's Scrap,0.75,1756639487
Standard,Lesser Jeweller's Orb,Artificer's Orb,1,1756639487
Standard,Lesser Jeweller's Orb,Blacksmith's Whetstone,0.8,1756639487
Standard,Lesser Jeweller's Orb,Chaos Orb,0.1,1756639487
Standard,Lesser Jeweller's Orb,Divine Orb,214,1756639487
Standard,Lesser Jeweller's Orb,Divine Orb(20+1 Free),4286,1756639487
Standard,Lesser Jeweller's Orb,Exalted Orb,1.66666666667,1756639487
Standard,Lesser Jeweller's Orb,Exalted Orb(1000+100 Free),536,1756639487
Standard,Lesser Jeweller's Orb,Gemcutter's Prism,0.5,1756639487
Standard,Lesser Jeweller's Orb,Glassblower's Bauble,0.5,1756639487
Standard,Lesser Jeweller's Orb,Greater Jeweller's Orb,0.25,1756639487
Standard,Lesser Jeweller's Orb,Lesser Jeweller's Orb,1,1756639487
Standard,Lesser Jeweller's Orb,Mirror of Kalandra,446430,1756639487
Standard,Lesser Jeweller's Orb,Orb of Alchemy,1,1756639487
Standard,Lesser Jeweller's Orb,Orb of Annulment,0.02,1756639487
Standard,Lesser Jeweller's Orb,Orb of Augmentation,1,1756639487
Standard,Lesser Jeweller's Orb,Orb of Chance,0.142857142857,1756639487
Standard,Lesser Jeweller's Orb,Orb of Transmutation,3,1756639487
Standard,Lesser Jeweller's Orb,Perfect Jeweller's Orb,0.0181818181818,1756639487
Standard,Lesser Jeweller's Orb,Regal Orb,1.66666666667,1756639487
Standard,Lesser Jeweller's Orb,Vaal Orb,1,1756639487
Standard,Mirror of Kalandra,Arcanist's Etcher,1.11999641601e-05,1756639487
Standard,Mirror of Kalandra,Armourer's Scrap,3.0000300003e-06,1756639487
Standard,Mirror of Kalandra,Artificer's Orb,2e-06,1756639487
Standard,Mirror of Kalandra,Blacksmith's Whetstone,3.03997568019e-06,1756639487
Standard,Mirror of Kalandra,Chaos Orb,2.39998080015e-05,1756639487
Standard,Mirror of Kalandra,Divine Orb,0.00048007681229,1756639487
Standard,Mirror of Kalandra,Divine Orb(20+1 Free),0.00961538461538,1756639487
Standard,Mirror of Kalandra,Exalted Orb,1.20000480002e-06,1756639487
Standard,Mirror of Kalandra,Exalted Orb(1000+100 Free),0.00120048019208,1756639487
Standard,Mirror of Kalandra,Gemcutter's Prism,4e-06,1756639487
Standard,Mirror of Kalandra,Glassblower's Bauble,4.80007680123e-06,1756639487
Standard,Mirror of Kalandra,Greater Jeweller's Orb,9.19963201472e-06,1756639487
Standard,Mirror of Kalandra,Lesser Jeweller's Orb,2.23999283202e-06,1756639487
Standard,Mirror of Kalandra,Mirror of Kalandra,1,1756639487
Standard,Mirror of Kalandra,Orb of Alchemy,1.6e-06,1756639487
Standard,Mirror of Kalandra,Orb of Annulment,0.000111994624258,1756639487
Standard,Mirror of Kalandra,Orb of Augmentation,1.6e-06,1756639487
Standard,Mirror of Kalandra,Orb of Chance,1.6e-05,1756639487
Standard,Mirror of Kalandra,Orb of Transmutation,8e-07,1756639487
Standard,Mirror of Kalandra,Perfect Jeweller's Orb,0.000128008192524,1756639487
Standard,Mirror of Kalandra,Regal Orb,1.39999160005e-06,1756639487
Standard,Mirror of Kalandra,Vaal Orb,2.39998080015e-06,1756639487
Standard,Orb of Alchemy,Arcanist's Etcher,0.142857142857,1756639487
Standard,Orb of Alchemy,Armourer's Scrap,1,1756639487
Standard,Orb of Alchemy,Artificer's Orb,0.8,1756639487
Standard,Orb of Alchemy,Blacksmith's Whetstone,1,1756639487
Standard,Orb of Alchemy,Chaos Orb,0.0714285714286,1756639487
Standard,Orb of Alchemy,Divine Orb,300,1756639487
Standard,Orb of Alchemy,Divine Orb(20+1 Free),6000,1756639487
Standard,Orb of Alchemy,Exalted Orb,1.33333333333,1756639487
Standard,Orb of Alchemy,Exalted Orb(1000+100 Free),750,1756639487
Standard,Orb of Alchemy,Gemcutter's Prism,0.4,1756639487
Standard,Orb of Alchemy,Glassblower's Bauble,0.333333333333,1756639487
Standard,Orb of Alchemy,Greater Jeweller's Orb,0.2,1756639487
Standard,Orb of Alchemy,Lesser Jeweller's Orb,1,1756639487
Standard,Orb of Alchemy,Mirror of Kalandra,625000,1756639487
Standard,Orb of Alchemy,Orb of Alchemy,1,1756639487
Standard,Orb of Alchemy,Orb of Annulment,0.0140845070423,1756639487
Standard,Orb of Alchemy,Orb of Augmentation,1,1756639487
Standard,Orb of Alchemy,Orb of Chance,0.1,1756639487
Standard,Orb of Alchemy,Orb of Transmutation,2,1756639487
Standard,Orb of Alchemy,Perfect Jeweller's Orb,0.0120481927711,1756639487
Standard,Orb of Alchemy,Regal Orb,1,1756639487
Standard,Orb of Alchemy,Vaal Orb,1,1756639487
Standard,Orb of Annulment,Arcanist's Etcher,10,1756639487
Standard,Orb of Annulment,Armourer's Scrap,37,1756639487
Standard,Orb of Annulment,Artificer's Orb,55,1756639487
Standard,Orb of Annulment,Blacksmith's Whetstone,37,1756639487
Standard,Orb of Annulment,Chaos Orb,4,1756639487
Standard,Orb of Annulment,Divine Orb,0.25,1756639487
Standard,Orb of Annulment,Divine Orb(20+1 Free),0.0120481927711,1756639487
Standard,Orb of Annulment,Exalted Orb,90,1756639487
Standard,Orb of Annulment,Exalted Orb(1000+100 Free),0.1,1756639487
Standard,Orb of Annulment,Gemcutter's Prism,27,1756639487
Standard,Orb of Annulment,Glassblower's Bauble,23,1756639487
Standard,Orb of Annulment,Greater Jeweller's Orb,12,1756639487
Standard,Orb of Annulment,Lesser Jeweller's Orb,50,1756639487
Standard,Orb of Annulment,Mirror of Kalandra,8929,1756639487
Standard,Orb of Annulment,Orb of Alchemy,71,1756639487
Standard,Orb of Annulment,Orb of Annulment,1,1756639487
Standard,Orb of Annulment,Orb of Augmentation,71,1756639487
Standard,Orb of Annulment,Orb of Chance,7,1756639487
Standard,Orb of Annulment,Orb of Transmutation,0.00714285714286,1756639487
Standard,Orb of Annulment,Perfect Jeweller's Orb,1,1756639487
Standard,Orb of Annulment,Regal Orb,83,1756639487
Standard,Orb of Annulment,Vaal Orb,47,1756639487
Standard,Orb of Augmentation,Arcanist's Etcher,0.142857142857,1756639487
Standard,Orb of Augmentation,Armourer's Scrap,1,1756639487
Standard,Orb of Augmentation,Artificer's Orb,0.8,1756639487
Standard,Orb of Augmentation,Blacksmith's Whetstone,1,1756639487
Standard,Orb of Augmentation,Chaos Orb,0.0714285714286,1756639487
Standard,Orb of Augmentation,Divine Orb,300,1756639487
Standard,Orb of Augmentation,Divine Orb(20+1 Free),6000,1756639487
Standard,Orb of Augmentation,Exalted Orb,1.33333333333,1756639487
Standard,Orb of Augmentation,Exalted Orb(1000+100 Free),750,1756639487
Standard,Orb of Augmentation,Gemcutter's Prism,0.4,1756639487
Standard,Orb of Augmentation,Glassblower's Bauble,0.333333333333,1756639487
Standard,Orb of Augmentation,Greater Jeweller's Orb,0.2,1756639487
Standard,Orb of Augmentation,Lesser Jeweller's Orb,1,1756639487
Standard,Orb of Augmentation,Mirror of Kalandra,625000,1756639487
Standard,Orb of Augmentation,Orb of Alchemy,1,1756639487
Standard,Orb of Augmentation,Orb of Annulment,0.0140845070423,1756639487
Standard,Orb of Augmentation,Orb of Augmentation,1,1756639487
Standard,Orb of Augmentation,Orb of Chance,0.1,1756639487
Standard,Orb of Augmentation,Orb of Transmutation,2,1756639487
Standard,Orb of Augmentation,Perfect Jeweller's Orb,0.0120481927711,1756639487
Standard,Orb of Augmentation,Regal Orb,1,1756639487
Standard,Orb of Augmentation,Vaal Orb,1,1756639487
Standard,Orb of Chance,Arcanist's Etcher,1.42857142857,1756639487
Standard,Orb of Chance,Armourer's Scrap,5,1756639487
Standard,Orb of Chance,Artificer's Orb,8,1756639487
Standard,Orb of Chance,Blacksmith's Whetstone,5,1756639487
Standard,Orb of Chance,Chaos Orb,1,1756639487
Standard,Orb of Chance,Divine Orb,0.0333333333333,1756639487
Standard,Orb of Chance,Divine Orb(20+1 Free),600,1756639487
Standard,Orb of Chance,Exalted Orb,13,1756639487
Standard,Orb of Chance,Exalted Orb(1000+100 Free),0.0131578947368,1756639487
Standard,Orb of Chance,Gemcutter's Prism,4,1756639487
Standard,Orb of Chance,Glassblower's Bauble,3.33333333333,1756639487
Standard,Orb of Chance,Greater Jeweller's Orb,1,1756639487
Standard,Orb of Chance,Lesser Jeweller's Orb,7,1756639487
Standard,Orb of Chance,Mirror of Kalandra,62500,1756639487
Standard,Orb of Chance,Orb of Alchemy,10,1756639487
Standard,Orb of Chance,Orb of Annulment,0.142857142857,1756639487
Standard,Orb of Chance,Orb of Augmentation,10,1756639487
Standard,Orb of Chance,Orb of Chance,1,1756639487
Standard,Orb of Chance,Orb of Transmutation,20,1756639487
Standard,Orb of Chance,Perfect Jeweller's Orb,0.125,1756639487
Standard,Orb of Chance,Regal Orb,11,1756639487
Standard,Orb of Chance,Vaal Orb,7,1756639487
Standard,Orb of Transmutation,Arcanist's Etcher,0.0714285714286,1756639487
Standard,Orb of Transmutation,Armourer's Scrap,0.333333333333,1756639487
Standard,Orb of Transmutation,Artificer's Orb,0.4,1756639487
Standard,Orb of Transmutation,Blacksmith's Whetstone,0.2,1756639487
Standard,Orb of Transmutation,Chaos Orb,0.0333333333333,1756639487
Standard,Orb of Transmutation,Divine Orb,600,1756639487
Standard,Orb of Transmutation,Divine Orb(20+1 Free),12000,1756639487
Standard,Orb of Transmutation,Exalted Orb,1,1756639487
Standard,Orb of Transmutation,Exalted Orb(1000+100 Free),1500,1756639487
Standard,Orb of Transmutation,Gemcutter's Prism,0.2,1756639487
Standard,Orb of Transmutation,Glassblower's Bauble,0.2,1756639487
Standard,Orb of Transmutation,Greater Jeweller's Orb,0.0909090909091,1756639487
Standard,Orb of Transmutation,Lesser Jeweller's Orb,0.333333333333,1756639487
Standard,Orb of Transmutation,Mirror of Kalandra,1250000,1756639487
Standard,Orb of Transmutation,Orb of Alchemy,0.5,1756639487
Standard,Orb of Transmutation,Orb of Annulment,140,1756639487
Standard,Orb of Transmutation,Orb of Augmentation,0.5,1756639487
Standard,Orb of Transmutation,Orb of Chance,0.05,1756639487
Standard,Orb of Transmutation,Orb of Transmutation,1,1756639487
Standard,Orb of Transmutation,Perfect Jeweller's Orb,160,1756639487
Standard,Orb of Transmutation,Regal Orb,1,1756639487
Standard,Orb of Transmutation,Vaal Orb,0.333333333333,1756639487
Standard,Perfect Jeweller's Orb,Arcanist's Etcher,11,1756639487
Standard,Perfect Jeweller's Orb,Armourer's Scrap,43,1756639487
Standard,Perfect Jeweller's Orb,Artificer's Orb,62,1756639487
Standard,Perfect Jeweller's Orb,Blacksmith's Whetstone,41,1756639487
Standard,Perfect Jeweller's Orb,Chaos Orb,5,1756639487
Standard,Perfect Jeweller's Orb,Divine Orb,0.333333333333,1756639487
Standard,Perfect Jeweller's Orb,Divine Orb(20+1 Free),0.0131578947368,1756639487
Standard,Perfect Jeweller's Orb,Exalted Orb,0.00934579439252,1756639487
Standard,Perfect Jeweller's Orb,Exalted Orb(1000+100 Free),0.111111111111,1756639487
Standard,Perfect Jeweller's Orb,Gemcutter's Prism,32,1756639487
Standard,Perfect Jeweller's Orb,Glassblower's Bauble,26,1756639487
Standard,Perfect Jeweller's Orb,Greater Jeweller's Orb,13,1756639487
Standard,Perfect Jeweller's Orb,Lesser Jeweller's Orb,55,1756639487
Standard,Perfect Jeweller's Orb,Mirror of Kalandra,7812,1756639487
Standard,Perfect Jeweller's Orb,Orb of Alchemy,83,1756639487
Standard,Perfect Jeweller's Orb,Orb of Annulment,1,1756639487
Standard,Perfect Jeweller's Orb,Orb of Augmentation,83,1756639487
Standard,Perfect Jeweller's Orb,Orb of Chance,8,1756639487
Standard,Perfect Jeweller's Orb,Orb of Transmutation,0.00625,1756639487
Standard,Perfect Jeweller's Orb,Perfect Jeweller's Orb,1,1756639487
Standard,Perfect Jeweller's Orb,Regal Orb,90,1756639487
Standard,Perfect Jeweller's Orb,Vaal Orb,52,1756639487
Standard,Regal Orb,Arcanist's Etcher,0.125,1756639487
Standard,Regal Orb,Armourer's Scrap,0.5,1756639487
Standard,Regal Orb,Artificer's Orb,0.7,1756639487
Standard,Regal Orb,Blacksmith's Whetstone,0.4,1756639487
Standard,Regal Orb,Chaos Orb,0.0588235294118,1756639487
Standard,Regal Orb,Divine Orb,343,1756639487
Standard,Regal Orb,Divine Orb(20+1 Free),6857,1756639487
Standard,Regal Orb,Exalted Orb,1.25,1756639487
Standard,Regal Orb,Exalted Orb(1000+100 Free),857,1756639487
Standard,Regal Orb,Gemcutter's Prism,0.333333333333,1756639487
Standard,Regal Orb,Glassblower's Bauble,0.333333333333,1756639487
Standard,Regal Orb,Greater Jeweller's Orb,0.142857142857,1756639487
Standard,Regal Orb,Lesser Jeweller's Orb,0.6,1756639487
Standard,Regal Orb,Mirror of Kalandra,714290,1756639487
Standard,Regal Orb,Orb of Alchemy,1,1756639487
Standard,Regal Orb,Orb of Annulment,0.0120481927711,1756639487
Standard,Regal Orb,Orb of Augmentation,1,1756639487
Standard,Regal Orb,Orb of Chance,0.0909090909091,1756639487
Standard,Regal Orb,Orb of Transmutation,1,1756639487
Standard,Regal Orb,Perfect Jeweller's Orb,0.0111111111111,1756639487
Standard,Regal Orb,Regal Orb,1,1756639487
Standard,Regal Orb,Vaal Orb,0.6,1756639487
Standard,Vaal Orb,Arcanist's Etcher,0.25,1756639487
Standard,Vaal Orb,Armourer's Scrap,0.8,1756639487
Standard,Vaal Orb,Artificer's Orb,1,1756639487
Standard,Vaal Orb,Blacksmith's Whetstone,1,1756639487
Standard,Vaal Orb,Chaos Orb,0.1,1756639487
Standard,Vaal Orb,Divine Orb,200,1756639487
Standard,Vaal Orb,Divine Orb(20+1 Free),4000,1756639487
Standard,Vaal Orb,Exalted Orb,2,1756639487
Standard,Vaal Orb,Exalted Orb(1000+100 Free),500,1756639487
Standard,Vaal Orb,Gemcutter's Prism,0.6,1756639487
Standard,Vaal Orb,Glassblower's Bauble,0.5,1756639487
Standard,Vaal Orb,Greater Jeweller's Orb,0.2,1756639487
Standard,Vaal Orb,Lesser Jeweller's Orb,1,1756639487
Standard,Vaal Orb,Mirror of Kalandra,416670,1756639487
Standard,Vaal Orb,Orb of Alchemy,1,1756639487
Standard,Vaal Orb,Orb of Annulment,0.0212765957447,1756639487
Standard,Vaal Orb,Orb of Augmentation,1,1756639487
Standard,Vaal Orb,Orb of Chance,0.142857142857,1756639487
Standard,Vaal Orb,Orb of Transmutation,3,1756639487
Standard,Vaal Orb,Perfect Jeweller's Orb,0.0192307692308,1756639487
Standard,Vaal Orb,Regal Orb,1.66666666667,1756639487
Standard,Vaal Orb,Vaal Orb,1,1756639487
